0,1
7Networks_LH_Vis_1,1
7Networks_LH_Vis_2,1
7Networks_LH_Vis_3,1
7Networks_LH_Vis_4,1
7Networks_LH_Vis_5,1
7Networks_LH_Vis_6,1
7Networks_LH_Vis_8,1
7Networks_LH_Vis_9,1
7Networks_LH_Vis_10,1
7Networks_LH_Vis_11,1
7Networks_LH_Vis_12,1
7Networks_LH_Vis_13,1
7Networks_LH_Vis_14,1
7Networks_LH_Vis_15,1
7Networks_LH_Vis_16,1
7Networks_LH_Vis_17,1
7Networks_LH_Vis_18,1
7Networks_LH_Vis_19,1
7Networks_LH_Vis_20,1
7Networks_LH_Vis_21,1
7Networks_LH_Vis_22,1
7Networks_LH_Vis_23,1
7Networks_LH_Vis_24,1
7Networks_LH_Vis_25,1
7Networks_LH_Vis_26,1
7Networks_LH_Vis_27,1
7Networks_LH_Vis_28,1
7Networks_LH_Vis_29,1
7Networks_LH_Vis_30,1
7Networks_LH_Vis_31,1
7Networks_LH_SomMot_1,2
7Networks_LH_SomMot_2,2
7Networks_LH_SomMot_3,2
7Networks_LH_SomMot_4,2
7Networks_LH_SomMot_5,2
7Networks_LH_SomMot_6,2
7Networks_LH_SomMot_7,2
7Networks_LH_SomMot_8,2
7Networks_LH_SomMot_9,2
7Networks_LH_SomMot_12,2
7Networks_LH_SomMot_13,2
7Networks_LH_SomMot_14,2
7Networks_LH_SomMot_15,2
7Networks_LH_SomMot_16,2
7Networks_LH_SomMot_18,2
7Networks_LH_SomMot_19,2
7Networks_LH_SomMot_20,2
7Networks_LH_SomMot_21,2
7Networks_LH_SomMot_22,2
7Networks_LH_SomMot_23,2
7Networks_LH_SomMot_24,2
7Networks_LH_SomMot_25,2
7Networks_LH_SomMot_26,2
7Networks_LH_SomMot_27,2
7Networks_LH_SomMot_28,2
7Networks_LH_SomMot_29,2
7Networks_LH_SomMot_30,2
7Networks_LH_SomMot_31,2
7Networks_LH_SomMot_32,2
7Networks_LH_SomMot_33,2
7Networks_LH_SomMot_34,2
7Networks_LH_SomMot_35,2
7Networks_LH_SomMot_36,2
7Networks_LH_SomMot_37,2
7Networks_LH_DorsAttn_Post_1,3
7Networks_LH_DorsAttn_Post_2,3
7Networks_LH_DorsAttn_Post_3,3
7Networks_LH_DorsAttn_Post_4,3
7Networks_LH_DorsAttn_Post_5,3
7Networks_LH_DorsAttn_Post_6,3
7Networks_LH_DorsAttn_Post_7,3
7Networks_LH_DorsAttn_Post_8,3
7Networks_LH_DorsAttn_Post_9,3
7Networks_LH_DorsAttn_Post_11,3
7Networks_LH_DorsAttn_Post_12,3
7Networks_LH_DorsAttn_Post_13,3
7Networks_LH_DorsAttn_Post_14,3
7Networks_LH_DorsAttn_Post_15,3
7Networks_LH_DorsAttn_Post_16,3
7Networks_LH_DorsAttn_Post_17,3
7Networks_LH_DorsAttn_FEF_1,3
7Networks_LH_DorsAttn_FEF_2,3
7Networks_LH_DorsAttn_FEF_3,3
7Networks_LH_DorsAttn_FEF_4,3
7Networks_LH_DorsAttn_PrCv_1,3
7Networks_LH_DorsAttn_PrCv_2,3
7Networks_LH_SalVentAttn_ParOper_1,4
7Networks_LH_SalVentAttn_ParOper_2,4
7Networks_LH_SalVentAttn_ParOper_3,4
7Networks_LH_SalVentAttn_ParOper_4,4
7Networks_LH_SalVentAttn_TempOcc_1,4
7Networks_LH_SalVentAttn_FrOper_1,4
7Networks_LH_SalVentAttn_FrOper_2,4
7Networks_LH_SalVentAttn_FrOper_3,4
7Networks_LH_SalVentAttn_FrOper_4,4
7Networks_LH_SalVentAttn_FrOper_5,4
7Networks_LH_SalVentAttn_FrOper_6,4
7Networks_LH_SalVentAttn_FrOper_7,4
7Networks_LH_SalVentAttn_FrOper_8,4
7Networks_LH_SalVentAttn_FrOper_9,4
7Networks_LH_SalVentAttn_PFCl_1,4
7Networks_LH_SalVentAttn_Med_1,4
7Networks_LH_SalVentAttn_Med_2,4
7Networks_LH_SalVentAttn_Med_3,4
7Networks_LH_SalVentAttn_Med_4,4
7Networks_LH_SalVentAttn_Med_5,4
7Networks_LH_SalVentAttn_Med_6,4
7Networks_LH_SalVentAttn_Med_7,4
7Networks_LH_Limbic_OFC_1,5
7Networks_LH_Limbic_OFC_2,5
7Networks_LH_Limbic_OFC_3,5
7Networks_LH_Limbic_OFC_4,5
7Networks_LH_Limbic_OFC_5,5
7Networks_LH_Limbic_TempPole_1,5
7Networks_LH_Limbic_TempPole_2,5
7Networks_LH_Limbic_TempPole_3,5
7Networks_LH_Limbic_TempPole_4,5
7Networks_LH_Limbic_TempPole_5,5
7Networks_LH_Limbic_TempPole_6,5
7Networks_LH_Limbic_TempPole_7,5
7Networks_LH_Cont_Par_1,6
7Networks_LH_Cont_Par_2,6
7Networks_LH_Cont_Par_4,6
7Networks_LH_Cont_Par_5,6
7Networks_LH_Cont_Par_6,6
7Networks_LH_Cont_Temp_1,6
7Networks_LH_Cont_PFCl_1,6
7Networks_LH_Cont_PFCl_2,6
7Networks_LH_Cont_PFCl_4,6
7Networks_LH_Cont_PFCl_5,6
7Networks_LH_Cont_PFCl_6,6
7Networks_LH_Cont_PFCl_7,6
7Networks_LH_Cont_PFCl_8,6
7Networks_LH_Cont_PFCl_9,6
7Networks_LH_Cont_PFCv_1,6
7Networks_LH_Cont_pCun_1,6
7Networks_LH_Cont_pCun_2,6
7Networks_LH_Cont_Cing_1,6
7Networks_LH_Cont_Cing_2,6
7Networks_LH_Cont_PFCmp_1,6
7Networks_LH_Default_Temp_1,7
7Networks_LH_Default_Temp_2,7
7Networks_LH_Default_Temp_3,7
7Networks_LH_Default_Temp_4,7
7Networks_LH_Default_Temp_5,7
7Networks_LH_Default_Temp_6,7
7Networks_LH_Default_Temp_7,7
7Networks_LH_Default_Temp_8,7
7Networks_LH_Default_Temp_9,7
7Networks_LH_Default_Temp_10,7
7Networks_LH_Default_Temp_11,7
7Networks_LH_Default_Temp_12,7
7Networks_LH_Default_Temp_13,7
7Networks_LH_Default_Temp_14,7
7Networks_LH_Default_Temp_15,7
7Networks_LH_Default_Temp_16,7
7Networks_LH_Default_Temp_17,7
7Networks_LH_Default_PFC_1,7
7Networks_LH_Default_PFC_2,7
7Networks_LH_Default_PFC_3,7
7Networks_LH_Default_PFC_4,7
7Networks_LH_Default_PFC_5,7
7Networks_LH_Default_PFC_7,7
7Networks_LH_Default_PFC_8,7
7Networks_LH_Default_PFC_9,7
7Networks_LH_Default_PFC_10,7
7Networks_LH_Default_PFC_11,7
7Networks_LH_Default_PFC_12,7
7Networks_LH_Default_PFC_13,7
7Networks_LH_Default_PFC_14,7
7Networks_LH_Default_PFC_15,7
7Networks_LH_Default_PFC_16,7
7Networks_LH_Default_PFC_17,7
7Networks_LH_Default_PFC_18,7
7Networks_LH_Default_PFC_19,7
7Networks_LH_Default_PFC_20,7
7Networks_LH_Default_PFC_21,7
7Networks_LH_Default_PFC_22,7
7Networks_LH_Default_PFC_23,7
7Networks_LH_Default_PFC_24,7
7Networks_LH_Default_PCC_1,7
7Networks_LH_Default_PCC_2,7
7Networks_LH_Default_PCC_3,7
7Networks_LH_Default_PCC_4,7
7Networks_LH_Default_PCC_5,7
7Networks_LH_Default_PCC_6,7
7Networks_LH_Default_PCC_7,7
7Networks_LH_Default_PCC_8,7
7Networks_LH_Default_PCC_9,7
7Networks_LH_Default_PCC_10,7
7Networks_LH_Default_PCC_11,7
7Networks_RH_Vis_1,1
7Networks_RH_Vis_2,1
7Networks_RH_Vis_3,1
7Networks_RH_Vis_4,1
7Networks_RH_Vis_5,1
7Networks_RH_Vis_6,1
7Networks_RH_Vis_8,1
7Networks_RH_Vis_9,1
7Networks_RH_Vis_11,1
7Networks_RH_Vis_12,1
7Networks_RH_Vis_13,1
7Networks_RH_Vis_14,1
7Networks_RH_Vis_15,1
7Networks_RH_Vis_16,1
7Networks_RH_Vis_18,1
7Networks_RH_Vis_19,1
7Networks_RH_Vis_20,1
7Networks_RH_Vis_22,1
7Networks_RH_Vis_23,1
7Networks_RH_Vis_24,1
7Networks_RH_Vis_26,1
7Networks_RH_Vis_27,1
7Networks_RH_Vis_30,1
7Networks_RH_SomMot_1,2
7Networks_RH_SomMot_2,2
7Networks_RH_SomMot_3,2
7Networks_RH_SomMot_4,2
7Networks_RH_SomMot_6,2
7Networks_RH_SomMot_7,2
7Networks_RH_SomMot_8,2
7Networks_RH_SomMot_10,2
7Networks_RH_SomMot_12,2
7Networks_RH_SomMot_14,2
7Networks_RH_SomMot_15,2
7Networks_RH_SomMot_16,2
7Networks_RH_SomMot_17,2
7Networks_RH_SomMot_20,2
7Networks_RH_SomMot_21,2
7Networks_RH_SomMot_22,2
7Networks_RH_SomMot_23,2
7Networks_RH_SomMot_24,2
7Networks_RH_SomMot_25,2
7Networks_RH_SomMot_26,2
7Networks_RH_SomMot_27,2
7Networks_RH_SomMot_30,2
7Networks_RH_SomMot_32,2
7Networks_RH_SomMot_34,2
7Networks_RH_SomMot_37,2
7Networks_RH_SomMot_38,2
7Networks_RH_SomMot_39,2
7Networks_RH_SomMot_40,2
7Networks_RH_DorsAttn_Post_1,3
7Networks_RH_DorsAttn_Post_4,3
7Networks_RH_DorsAttn_Post_8,3
7Networks_RH_DorsAttn_Post_11,3
7Networks_RH_DorsAttn_Post_12,3
7Networks_RH_DorsAttn_Post_13,3
7Networks_RH_DorsAttn_Post_14,3
7Networks_RH_DorsAttn_Post_15,3
7Networks_RH_DorsAttn_Post_18,3
7Networks_RH_DorsAttn_Post_19,3
7Networks_RH_DorsAttn_FEF_1,3
7Networks_RH_DorsAttn_FEF_2,3
7Networks_RH_SalVentAttn_TempOccPar_1,4
7Networks_RH_SalVentAttn_TempOccPar_2,4
7Networks_RH_SalVentAttn_TempOccPar_3,4
7Networks_RH_SalVentAttn_TempOccPar_4,4
7Networks_RH_SalVentAttn_TempOccPar_6,4
7Networks_RH_SalVentAttn_TempOccPar_7,4
7Networks_RH_SalVentAttn_PrC_1,4
7Networks_RH_SalVentAttn_FrOper_1,4
7Networks_RH_SalVentAttn_FrOper_2,4
7Networks_RH_SalVentAttn_FrOper_3,4
7Networks_RH_SalVentAttn_FrOper_4,4
7Networks_RH_SalVentAttn_FrOper_5,4
7Networks_RH_SalVentAttn_FrOper_6,4
7Networks_RH_SalVentAttn_FrOper_7,4
7Networks_RH_SalVentAttn_FrOper_8,4
7Networks_RH_SalVentAttn_PFCl_1,4
7Networks_RH_SalVentAttn_Med_1,4
7Networks_RH_SalVentAttn_Med_2,4
7Networks_RH_SalVentAttn_Med_3,4
7Networks_RH_SalVentAttn_Med_6,4
7Networks_RH_Limbic_OFC_1,5
7Networks_RH_Limbic_OFC_2,5
7Networks_RH_Limbic_OFC_3,5
7Networks_RH_Limbic_OFC_5,5
7Networks_RH_Limbic_OFC_6,5
7Networks_RH_Limbic_TempPole_1,5
7Networks_RH_Limbic_TempPole_2,5
7Networks_RH_Limbic_TempPole_3,5
7Networks_RH_Limbic_TempPole_4,5
7Networks_RH_Limbic_TempPole_5,5
7Networks_RH_Limbic_TempPole_6,5
7Networks_RH_Limbic_TempPole_7,5
7Networks_RH_Cont_Par_1,6
7Networks_RH_Cont_Par_3,6
7Networks_RH_Cont_Par_4,6
7Networks_RH_Cont_Par_5,6
7Networks_RH_Cont_Par_6,6
7Networks_RH_Cont_Temp_1,6
7Networks_RH_Cont_Temp_2,6
7Networks_RH_Cont_PFCl_1,6
7Networks_RH_Cont_PFCl_2,6
7Networks_RH_Cont_PFCl_3,6
7Networks_RH_Cont_PFCl_4,6
7Networks_RH_Cont_PFCl_5,6
7Networks_RH_Cont_PFCl_6,6
7Networks_RH_Cont_PFCl_8,6
7Networks_RH_Cont_PFCl_9,6
7Networks_RH_Cont_PFCl_11,6
7Networks_RH_Cont_PFCl_12,6
7Networks_RH_Cont_PFCl_13,6
7Networks_RH_Cont_PFCl_14,6
7Networks_RH_Cont_pCun_1,6
7Networks_RH_Cont_pCun_2,6
7Networks_RH_Cont_Cing_2,6
7Networks_RH_Cont_PFCmp_1,6
7Networks_RH_Cont_PFCmp_2,6
7Networks_RH_Default_Par_4,7
7Networks_RH_Default_Temp_1,7
7Networks_RH_Default_Temp_2,7
7Networks_RH_Default_Temp_3,7
7Networks_RH_Default_Temp_4,7
7Networks_RH_Default_Temp_5,7
7Networks_RH_Default_Temp_6,7
7Networks_RH_Default_Temp_7,7
7Networks_RH_Default_Temp_8,7
7Networks_RH_Default_PFCv_2,7
7Networks_RH_Default_PFCv_3,7
7Networks_RH_Default_PFCv_4,7
7Networks_RH_Default_PFCm_1,7
7Networks_RH_Default_PFCm_2,7
7Networks_RH_Default_PFCm_3,7
7Networks_RH_Default_PFCm_4,7
7Networks_RH_Default_PFCm_5,7
7Networks_RH_Default_PFCm_6,7
7Networks_RH_Default_PFCm_7,7
7Networks_RH_Default_PFCm_8,7
7Networks_RH_Default_PFCm_10,7
7Networks_RH_Default_PFCm_12,7
7Networks_RH_Default_PCC_1,7
7Networks_RH_Default_PCC_2,7
7Networks_RH_Default_PCC_3,7
7Networks_RH_Default_PCC_5,7
7Networks_RH_Default_PCC_6,7
7Networks_RH_Default_PCC_7,7
7Networks_RH_Default_PCC_9,7
